{
  "timestamp": "2026-02-01T04:00:07.406805",
  "circuit": "d5_[[17,1,5]]_injection",
  "noise_model": "GeminiOneZoneNoiseModel",
  "configuration": {
    "qubits": 17,
    "scaling_coefficients": 25,
    "param_iterations": 15,
    "shots_per_test": 500,
    "parameters_tested": [
      "cz_unpaired_gate_px",
      "cz_unpaired_gate_py",
      "cz_unpaired_gate_pz"
    ],
    "total_simulations": 70
  },
  "scaling_analysis": {
    "coefficients": [
      0.1,
      0.22083333333333333,
      0.3416666666666667,
      0.4625,
      0.5833333333333334,
      0.7041666666666666,
      0.825,
      0.9458333333333333,
      1.0666666666666667,
      1.1875,
      1.3083333333333333,
      1.4291666666666667,
      1.55,
      1.6708333333333334,
      1.7916666666666667,
      1.9125,
      2.033333333333333,
      2.154166666666667,
      2.275,
      2.3958333333333335,
      2.5166666666666666,
      2.6375,
      2.7583333333333333,
      2.879166666666667,
      3.0
    ],
    "fidelities": [
      0.49,
      0.46,
      0.528,
      0.516,
      0.496,
      0.5,
      0.508,
      0.456,
      0.502,
      0.542,
      0.504,
      0.486,
      0.516,
      0.52,
      0.518,
      0.498,
      0.486,
      0.486,
      0.484,
      0.482,
      0.486,
      0.514,
      0.458,
      0.504,
      0.518
    ]
  },
  "parameter_analyses": {
    "cz_unpaired_gate_px": {
      "values": [
        0.0,
        0.0035714285714285718,
        0.0071428571428571435,
        0.010714285714285714,
        0.014285714285714287,
        0.01785714285714286,
        0.02142857142857143,
        0.025,
        0.028571428571428574,
        0.03214285714285715,
        0.03571428571428572,
        0.03928571428571429,
        0.04285714285714286,
        0.04642857142857143,
        0.05
      ],
      "fidelities": [
        0.498,
        0.506,
        0.51,
        0.478,
        0.474,
        0.536,
        0.486,
        0.474,
        0.482,
        0.494,
        0.496,
        0.496,
        0.458,
        0.508,
        0.49
      ],
      "fidelity_drop": 0.008000000000000007
    },
    "cz_unpaired_gate_py": {
      "values": [
        0.0,
        0.0035714285714285718,
        0.0071428571428571435,
        0.010714285714285714,
        0.014285714285714287,
        0.01785714285714286,
        0.02142857142857143,
        0.025,
        0.028571428571428574,
        0.03214285714285715,
        0.03571428571428572,
        0.03928571428571429,
        0.04285714285714286,
        0.04642857142857143,
        0.05
      ],
      "fidelities": [
        0.466,
        0.488,
        0.494,
        0.474,
        0.502,
        0.474,
        0.518,
        0.542,
        0.478,
        0.492,
        0.492,
        0.462,
        0.5,
        0.51,
        0.514
      ],
      "fidelity_drop": -0.04799999999999999
    },
    "cz_unpaired_gate_pz": {
      "values": [
        0.0,
        0.0035714285714285718,
        0.0071428571428571435,
        0.010714285714285714,
        0.014285714285714287,
        0.01785714285714286,
        0.02142857142857143,
        0.025,
        0.028571428571428574,
        0.03214285714285715,
        0.03571428571428572,
        0.03928571428571429,
        0.04285714285714286,
        0.04642857142857143,
        0.05
      ],
      "fidelities": [
        0.502,
        0.5,
        0.498,
        0.506,
        0.496,
        0.504,
        0.488,
        0.526,
        0.478,
        0.494,
        0.512,
        0.506,
        0.524,
        0.526,
        0.502
      ],
      "fidelity_drop": 0.0
    }
  }
}