{
  "timestamp": "2026-02-01T03:37:29.432352",
  "noise_model": "CustomGeminiTwoZoneNoiseModel",
  "configuration": {
    "scaling_coefficients": 25,
    "param_iterations": 15,
    "shots_per_test": 500,
    "parameters_tested": [
      "cz_unpaired_gate_px",
      "cz_unpaired_gate_py",
      "cz_unpaired_gate_pz",
      "sitter_px",
      "sitter_py",
      "sitter_pz",
      "mover_px",
      "mover_py",
      "mover_pz"
    ],
    "total_simulations": 320
  },
  "variants": {
    "t_only": "Non-Magic: T gate only",
    "h_then_t": "Magic: H gate then T gate"
  },
  "scaling_analysis": {
    "coefficients": [
      0.1,
      0.22083333333333333,
      0.3416666666666667,
      0.4625,
      0.5833333333333334,
      0.7041666666666666,
      0.825,
      0.9458333333333333,
      1.0666666666666667,
      1.1875,
      1.3083333333333333,
      1.4291666666666667,
      1.55,
      1.6708333333333334,
      1.7916666666666667,
      1.9125,
      2.033333333333333,
      2.154166666666667,
      2.275,
      2.3958333333333335,
      2.5166666666666666,
      2.6375,
      2.7583333333333333,
      2.879166666666667,
      3.0
    ],
    "t_only_fidelities": [
      0.91,
      0.766,
      0.662,
      0.572,
      0.514,
      0.438,
      0.388,
      0.29,
      0.292,
      0.272,
      0.218,
      0.232,
      0.172,
      0.132,
      0.138,
      0.116,
      0.106,
      0.1,
      0.082,
      0.1,
      0.06,
      0.052,
      0.064,
      0.056,
      0.054
    ],
    "h_then_t_fidelities": [
      0.864,
      0.734,
      0.628,
      0.554,
      0.456,
      0.41,
      0.394,
      0.324,
      0.264,
      0.224,
      0.172,
      0.168,
      0.152,
      0.142,
      0.098,
      0.106,
      0.076,
      0.08,
      0.068,
      0.076,
      0.056,
      0.056,
      0.048,
      0.038,
      0.036
    ]
  },
  "parameter_analyses": {
    "cz_unpaired_gate_px": {
      "values": [
        0.0,
        0.0035714285714285718,
        0.0071428571428571435,
        0.010714285714285714,
        0.014285714285714287,
        0.01785714285714286,
        0.02142857142857143,
        0.025,
        0.028571428571428574,
        0.03214285714285715,
        0.03571428571428572,
        0.03928571428571429,
        0.04285714285714286,
        0.04642857142857143,
        0.05
      ],
      "t_only_fidelities": [
        0.422,
        0.288,
        0.242,
        0.176,
        0.136,
        0.12,
        0.096,
        0.072,
        0.06,
        0.058,
        0.056,
        0.042,
        0.044,
        0.03,
        0.024
      ],
      "h_then_t_fidelities": [
        0.372,
        0.3,
        0.234,
        0.148,
        0.11,
        0.066,
        0.068,
        0.042,
        0.038,
        0.038,
        0.034,
        0.034,
        0.026,
        0.028,
        0.022
      ],
      "t_only_drop": 0.39799999999999996,
      "h_then_t_drop": 0.35
    },
    "cz_unpaired_gate_py": {
      "values": [
        0.0,
        0.0035714285714285718,
        0.0071428571428571435,
        0.010714285714285714,
        0.014285714285714287,
        0.01785714285714286,
        0.02142857142857143,
        0.025,
        0.028571428571428574,
        0.03214285714285715,
        0.03571428571428572,
        0.03928571428571429,
        0.04285714285714286,
        0.04642857142857143,
        0.05
      ],
      "t_only_fidelities": [
        0.428,
        0.28,
        0.162,
        0.124,
        0.064,
        0.064,
        0.046,
        0.024,
        0.026,
        0.02,
        0.016,
        0.032,
        0.01,
        0.01,
        0.01
      ],
      "h_then_t_fidelities": [
        0.416,
        0.238,
        0.138,
        0.11,
        0.056,
        0.046,
        0.024,
        0.036,
        0.014,
        0.024,
        0.01,
        0.01,
        0.012,
        0.022,
        0.016
      ],
      "t_only_drop": 0.418,
      "h_then_t_drop": 0.39999999999999997
    },
    "cz_unpaired_gate_pz": {
      "values": [
        0.0,
        0.0035714285714285718,
        0.0071428571428571435,
        0.010714285714285714,
        0.014285714285714287,
        0.01785714285714286,
        0.02142857142857143,
        0.025,
        0.028571428571428574,
        0.03214285714285715,
        0.03571428571428572,
        0.03928571428571429,
        0.04285714285714286,
        0.04642857142857143,
        0.05
      ],
      "t_only_fidelities": [
        0.44,
        0.29,
        0.202,
        0.168,
        0.154,
        0.098,
        0.056,
        0.096,
        0.064,
        0.054,
        0.07,
        0.062,
        0.07,
        0.054,
        0.042
      ],
      "h_then_t_fidelities": [
        0.428,
        0.262,
        0.166,
        0.13,
        0.12,
        0.09,
        0.058,
        0.054,
        0.05,
        0.034,
        0.048,
        0.054,
        0.036,
        0.036,
        0.042
      ],
      "t_only_drop": 0.398,
      "h_then_t_drop": 0.386
    },
    "sitter_px": {
      "values": [
        0.0,
        0.0035714285714285718,
        0.0071428571428571435,
        0.010714285714285714,
        0.014285714285714287,
        0.01785714285714286,
        0.02142857142857143,
        0.025,
        0.028571428571428574,
        0.03214285714285715,
        0.03571428571428572,
        0.03928571428571429,
        0.04285714285714286,
        0.04642857142857143,
        0.05
      ],
      "t_only_fidelities": [
        0.462,
        0.198,
        0.102,
        0.062,
        0.048,
        0.038,
        0.026,
        0.016,
        0.02,
        0.024,
        0.024,
        0.018,
        0.012,
        0.018,
        0.018
      ],
      "h_then_t_fidelities": [
        0.5,
        0.22,
        0.07,
        0.046,
        0.042,
        0.02,
        0.03,
        0.022,
        0.026,
        0.012,
        0.02,
        0.014,
        0.014,
        0.02,
        0.016
      ],
      "t_only_drop": 0.444,
      "h_then_t_drop": 0.484
    },
    "sitter_py": {
      "values": [
        0.0,
        0.0035714285714285718,
        0.0071428571428571435,
        0.010714285714285714,
        0.014285714285714287,
        0.01785714285714286,
        0.02142857142857143,
        0.025,
        0.028571428571428574,
        0.03214285714285715,
        0.03571428571428572,
        0.03928571428571429,
        0.04285714285714286,
        0.04642857142857143,
        0.05
      ],
      "t_only_fidelities": [
        0.508,
        0.154,
        0.046,
        0.038,
        0.022,
        0.01,
        0.014,
        0.024,
        0.026,
        0.01,
        0.01,
        0.028,
        0.014,
        0.018,
        0.01
      ],
      "h_then_t_fidelities": [
        0.484,
        0.104,
        0.06,
        0.028,
        0.024,
        0.008,
        0.014,
        0.018,
        0.018,
        0.016,
        0.006,
        0.026,
        0.016,
        0.02,
        0.012
      ],
      "t_only_drop": 0.498,
      "h_then_t_drop": 0.472
    },
    "sitter_pz": {
      "values": [
        0.0,
        0.0035714285714285718,
        0.0071428571428571435,
        0.010714285714285714,
        0.014285714285714287,
        0.01785714285714286,
        0.02142857142857143,
        0.025,
        0.028571428571428574,
        0.03214285714285715,
        0.03571428571428572,
        0.03928571428571429,
        0.04285714285714286,
        0.04642857142857143,
        0.05
      ],
      "t_only_fidelities": [
        0.47,
        0.224,
        0.098,
        0.076,
        0.042,
        0.042,
        0.03,
        0.042,
        0.026,
        0.026,
        0.034,
        0.02,
        0.022,
        0.024,
        0.016
      ],