{
  "timestamp": "2026-02-01T06:25:03.935093",
  "noise_model": "GeminiOneZoneNoiseModel",
  "configuration": {
    "scaling_coefficients": 25,
    "param_iterations": 15,
    "shots_per_test": 500,
    "parameters_tested": [
      "cz_unpaired_gate_px",
      "cz_unpaired_gate_py",
      "cz_unpaired_gate_pz"
    ],
    "total_simulations": 140
  },
  "variants": {
    "t_only": "Non-Magic: T gate only",
    "h_then_t": "Magic: H gate then T gate"
  },
  "scaling_analysis": {
    "coefficients": [
      0.1,
      0.22083333333333333,
      0.3416666666666667,
      0.4625,
      0.5833333333333334,
      0.7041666666666666,
      0.825,
      0.9458333333333333,
      1.0666666666666667,
      1.1875,
      1.3083333333333333,
      1.4291666666666667,
      1.55,
      1.6708333333333334,
      1.7916666666666667,
      1.9125,
      2.033333333333333,
      2.154166666666667,
      2.275,
      2.3958333333333335,
      2.5166666666666666,
      2.6375,
      2.7583333333333333,
      2.879166666666667,
      3.0
    ],
    "t_only_fidelities": [
      0.862,
      0.768,
      0.652,
      0.602,
      0.496,
      0.436,
      0.334,
      0.314,
      0.316,
      0.266,
      0.24,
      0.202,
      0.174,
      0.168,
      0.12,
      0.14,
      0.084,
      0.106,
      0.106,
      0.104,
      0.082,
      0.06,
      0.068,
      0.05,
      0.046
    ],
    "h_then_t_fidelities": [
      0.894,
      0.742,
      0.612,
      0.54,
      0.51,
      0.418,
      0.324,
      0.328,
      0.26,
      0.24,
      0.214,
      0.156,
      0.146,
      0.14,
      0.106,
      0.106,
      0.114,
      0.09,
      0.104,
      0.074,
      0.082,
      0.052,
      0.052,
      0.054,
      0.04
    ]
  },
  "parameter_analyses": {
    "cz_unpaired_gate_px": {
      "values": [
        0.0,
        0.0035714285714285718,
        0.0071428571428571435,
        0.010714285714285714,
        0.014285714285714287,
        0.01785714285714286,
        0.02142857142857143,
        0.025,
        0.028571428571428574,
        0.03214285714285715,
        0.03571428571428572,
        0.03928571428571429,
        0.04285714285714286,
        0.04642857142857143,
        0.05
      ],
      "t_only_fidelities": [
        0.468,
        0.328,
        0.208,
        0.16,
        0.138,
        0.09,
        0.08,
        0.07,
        0.064,
        0.046,
        0.038,
        0.038,
        0.034,
        0.03,
        0.046
      ],
      "h_then_t_fidelities": [
        0.408,
        0.324,
        0.236,
        0.142,
        0.114,
        0.112,
        0.054,
        0.05,
        0.05,
        0.056,
        0.05,
        0.036,
        0.04,
        0.03,
        0.03
      ],
      "t_only_drop": 0.42200000000000004,
      "h_then_t_drop": 0.378
    },
    "cz_unpaired_gate_py": {
      "values": [
        0.0,
        0.0035714285714285718,
        0.0071428571428571435,
        0.010714285714285714,
        0.014285714285714287,
        0.01785714285714286,
        0.02142857142857143,
        0.025,
        0.028571428571428574,
        0.03214285714285715,
        0.03571428571428572,
        0.03928571428571429,
        0.04285714285714286,
        0.04642857142857143,
        0.05
      ],
      "t_only_fidelities": [
        0.464,
        0.256,
        0.19,
        0.108,
        0.088,
        0.046,
        0.032,
        0.02,
        0.036,
        0.014,
        0.02,
        0.024,
        0.012,
        0.018,
        0.016
      ],
      "h_then_t_fidelities": [
        0.426,
        0.214,
        0.134,
        0.08,
        0.048,
        0.044,
        0.024,
        0.03,
        0.02,
        0.022,
        0.014,
        0.012,
        0.022,
        0.014,
        0.014
      ],
      "t_only_drop": 0.448,
      "h_then_t_drop": 0.412
    },
    "cz_unpaired_gate_pz": {
      "values": [
        0.0,
        0.0035714285714285718,
        0.0071428571428571435,
        0.010714285714285714,
        0.014285714285714287,
        0.01785714285714286,
        0.02142857142857143,
        0.025,
        0.028571428571428574,
        0.03214285714285715,
        0.03571428571428572,
        0.03928571428571429,
        0.04285714285714286,
        0.04642857142857143,
        0.05
      ],
      "t_only_fidelities": [
        0.424,
        0.296,
        0.206,
        0.166,
        0.122,
        0.104,
        0.076,
        0.106,
        0.08,
        0.088,
        0.07,
        0.066,
        0.056,
        0.05,
        0.038
      ],
      "h_then_t_fidelities": [
        0.446,
        0.258,
        0.192,
        0.144,
        0.102,
        0.088,
        0.07,
        0.074,
        0.06,
        0.054,
        0.05,
        0.048,
        0.044,
        0.036,
        0.05
      ],
      "t_only_drop": 0.386,
      "h_then_t_drop": 0.396
    }
  }
}