{
  "timestamp": "2026-02-01T00:47:11.408314",
  "configuration": {
    "scaling_coefficients": 25,
    "param_iterations": 15,
    "shots_per_test": 500,
    "parameters_tested": [
      "cz_unpaired_gate_px",
      "cz_unpaired_gate_py",
      "cz_unpaired_gate_pz"
    ],
    "total_simulations": 140
  },
  "variants": {
    "t_only": "Non-Magic: T gate only",
    "h_then_t": "Magic: H gate then T gate"
  },
  "scaling_analysis": {
    "coefficients": [
      0.1,
      0.22083333333333333,
      0.3416666666666667,
      0.4625,
      0.5833333333333334,
      0.7041666666666666,
      0.825,
      0.9458333333333333,
      1.0666666666666667,
      1.1875,
      1.3083333333333333,
      1.4291666666666667,
      1.55,
      1.6708333333333334,
      1.7916666666666667,
      1.9125,
      2.033333333333333,
      2.154166666666667,
      2.275,
      2.3958333333333335,
      2.5166666666666666,
      2.6375,
      2.7583333333333333,
      2.879166666666667,
      3.0
    ],
    "t_only_fidelities": [
      0.888,
      0.72,
      0.686,
      0.592,
      0.51,
      0.438,
      0.398,
      0.348,
      0.274,
      0.262,
      0.234,
      0.226,
      0.182,
      0.162,
      0.14,
      0.15,
      0.08,
      0.112,
      0.074,
      0.082,
      0.092,
      0.068,
      0.044,
      0.054,
      0.052
    ],
    "h_then_t_fidelities": [
      0.896,
      0.768,
      0.65,
      0.524,
      0.486,
      0.418,
      0.334,
      0.296,
      0.288,
      0.212,
      0.194,
      0.21,
      0.148,
      0.132,
      0.086,
      0.11,
      0.084,
      0.072,
      0.07,
      0.086,
      0.048,
      0.048,
      0.04,
      0.062,
      0.04
    ]
  },
  "parameter_analyses": {
    "cz_unpaired_gate_px": {
      "values": [
        0.0,
        0.0035714285714285718,
        0.0071428571428571435,
        0.010714285714285714,
        0.014285714285714287,
        0.01785714285714286,
        0.02142857142857143,
        0.025,
        0.028571428571428574,
        0.03214285714285715,
        0.03571428571428572,
        0.03928571428571429,
        0.04285714285714286,
        0.04642857142857143,
        0.05
      ],
      "t_only_fidelities": [
        0.45,
        0.3,
        0.238,
        0.146,
        0.122,
        0.106,
        0.088,
        0.076,
        0.046,
        0.064,
        0.046,
        0.04,
        0.05,
        0.04,
        0.034
      ],
      "h_then_t_fidelities": [
        0.38,
        0.314,
        0.244,
        0.136,
        0.124,
        0.07,
        0.062,
        0.05,
        0.042,
        0.032,
        0.034,
        0.034,
        0.032,
        0.022,
        0.02
      ],
      "t_only_drop": 0.41600000000000004,
      "h_then_t_drop": 0.36
    },
    "cz_unpaired_gate_py": {
      "values": [
        0.0,
        0.0035714285714285718,
        0.0071428571428571435,
        0.010714285714285714,
        0.014285714285714287,
        0.01785714285714286,
        0.02142857142857143,
        0.025,
        0.028571428571428574,
        0.03214285714285715,
        0.03571428571428572,
        0.03928571428571429,
        0.04285714285714286,
        0.04642857142857143,
        0.05
      ],
      "t_only_fidelities": [
        0.426,
        0.284,
        0.182,
        0.11,
        0.054,
        0.064,
        0.036,
        0.036,
        0.022,
        0.01,
        0.018,
        0.016,
        0.014,
        0.014,
        0.012
      ],
      "h_then_t_fidelities": [
        0.458,
        0.234,
        0.14,
        0.092,
        0.046,
        0.042,
        0.034,
        0.034,
        0.022,
        0.026,
        0.026,
        0.022,
        0.01,
        0.014,
        0.018
      ],
      "t_only_drop": 0.414,
      "h_then_t_drop": 0.44
    },
    "cz_unpaired_gate_pz": {
      "values": [
        0.0,
        0.0035714285714285718,
        0.0071428571428571435,
        0.010714285714285714,
        0.014285714285714287,
        0.01785714285714286,
        0.02142857142857143,
        0.025,
        0.028571428571428574,
        0.03214285714285715,
        0.03571428571428572,
        0.03928571428571429,
        0.04285714285714286,
        0.04642857142857143,
        0.05
      ],
      "t_only_fidelities": [
        0.454,
        0.294,
        0.186,
        0.184,
        0.126,
        0.114,
        0.08,
        0.05,
        0.074,
        0.094,
        0.076,
        0.064,
        0.04,
        0.046,
        0.058
      ],
      "h_then_t_fidelities": [
        0.426,
        0.268,
        0.178,
        0.12,
        0.094,
        0.076,
        0.068,
        0.058,
        0.052,
        0.056,
        0.06,
        0.048,
        0.032,
        0.054,
        0.026
      ],
      "t_only_drop": 0.396,
      "h_then_t_drop": 0.39999999999999997
    }
  }
}