{
  "timestamp": "2026-02-01T00:06:33.076553",
  "configuration": {
    "scaling_coefficients": 30,
    "param_iterations": 20,
    "shots_per_test": 500,
    "total_simulations": 330
  },
  "scaling_analysis": {
    "coefficients": [
      0.1,
      0.2,
      0.3,
      0.4,
      0.5,
      0.6,
      0.7,
      0.7999999999999999,
      0.8999999999999999,
      0.9999999999999999,
      1.0999999999999999,
      1.2,
      1.3,
      1.4,
      1.5,
      1.5999999999999999,
      1.7,
      1.8,
      1.9,
      2.0,
      2.0999999999999996,
      2.1999999999999997,
      2.3,
      2.4,
      2.5,
      2.6,
      2.6999999999999997,
      2.8,
      2.9,
      3.0
    ],
    "fidelities": [
      0.892,
      0.81,
      0.692,
      0.588,
      0.554,
      0.496,
      0.414,
      0.398,
      0.34,
      0.3,
      0.316,
      0.23,
      0.198,
      0.208,
      0.178,
      0.194,
      0.14,
      0.15,
      0.126,
      0.096,
      0.09,
      0.118,
      0.084,
      0.092,
      0.09,
      0.062,
      0.082,
      0.066,
      0.054,
      0.058
    ]
  },
  "parameter_analyses": {
    "global_px": {
      "values": [
        0.0,
        0.00010526315789473685,
        0.0002105263157894737,
        0.00031578947368421053,
        0.0004210526315789474,
        0.0005263157894736842,
        0.0006315789473684211,
        0.0007368421052631579,
        0.0008421052631578948,
        0.0009473684210526316,
        0.0010526315789473684,
        0.0011578947368421054,
        0.0012631578947368421,
        0.001368421052631579,
        0.0014736842105263158,
        0.0015789473684210528,
        0.0016842105263157896,
        0.0017894736842105263,
        0.0018947368421052633,
        0.002
      ],
      "fidelities": [
        0.498,
        0.448,
        0.474,
        0.482,
        0.492,
        0.46,
        0.47,
        0.518,
        0.502,
        0.528,
        0.44,
        0.474,
        0.458,
        0.462,
        0.43,
        0.508,
        0.5,
        0.428,
        0.48,
        0.484
      ],
      "min_fidelity": 0.428,
      "max_fidelity": 0.528,
      "fidelity_drop": 0.014000000000000012,
      "sensitivity": 7.000000000000006
    },
    "global_py": {
      "values": [
        0.0,
        0.00010526315789473685,
        0.0002105263157894737,
        0.00031578947368421053,
        0.0004210526315789474,
        0.0005263157894736842,
        0.0006315789473684211,
        0.0007368421052631579,
        0.0008421052631578948,
        0.0009473684210526316,
        0.0010526315789473684,
        0.0011578947368421054,
        0.0012631578947368421,
        0.001368421052631579,
        0.0014736842105263158,
        0.0015789473684210528,
        0.0016842105263157896,
        0.0017894736842105263,
        0.0018947368421052633,
        0.002
      ],
      "fidelities": [
        0.528,
        0.484,
        0.428,
        0.494,
        0.496,
        0.474,
        0.46,
        0.458,
        0.486,
        0.454,
        0.44,
        0.502,
        0.472,
        0.498,
        0.482,
        0.532,
        0.488,
        0.444,
        0.474,
        0.47
      ],
      "min_fidelity": 0.428,
      "max_fidelity": 0.532,
      "fidelity_drop": 0.05800000000000005,
      "sensitivity": 29.000000000000025
    },
    "global_pz": {
      "values": [
        0.0,
        0.00010526315789473685,
        0.0002105263157894737,
        0.00031578947368421053,
        0.0004210526315789474,
        0.0005263157894736842,
        0.0006315789473684211,
        0.0007368421052631579,
        0.0008421052631578948,
        0.0009473684210526316,
        0.0010526315789473684,
        0.0011578947368421054,
        0.0012631578947368421,
        0.001368421052631579,
        0.0014736842105263158,
        0.0015789473684210528,
        0.0016842105263157896,
        0.0017894736842105263,
        0.0018947368421052633,
        0.002
      ],
      "fidelities": [
        0.48,
        0.446,
        0.484,
        0.424,
        0.506,
        0.474,
        0.468,
        0.472,
        0.468,
        0.464,
        0.472,
        0.482,
        0.486,
        0.446,
        0.49,
        0.456,
        0.484,
        0.494,
        0.482,
        0.466
      ],
      "min_fidelity": 0.424,
      "max_fidelity": 0.506,
      "fidelity_drop": 0.013999999999999957,
      "sensitivity": 6.999999999999979
    },
    "local_px": {
      "values": [
        0.0,
        0.00010526315789473685,
        0.0002105263157894737,
        0.00031578947368421053,
        0.0004210526315789474,
        0.0005263157894736842,
        0.0006315789473684211,
        0.0007368421052631579,
        0.0008421052631578948,
        0.0009473684210526316,
        0.0010526315789473684,
        0.0011578947368421054,
        0.0012631578947368421,
        0.001368421052631579,
        0.0014736842105263158,
        0.0015789473684210528,
        0.0016842105263157896,
        0.0017894736842105263,
        0.0018947368421052633,
        0.002
      ],
      "fidelities": [
        0.454,
        0.422,
        0.456,
        0.472,
        0.46,
        0.452,
        0.49,
        0.44,
        0.438,
        0.428,
        0.496,
        0.45,
        0.396,
        0.42,
        0.412,
        0.406,
        0.426,
        0.416,
        0.458,
        0.398
      ],
      "min_fidelity": 0.396,
      "max_fidelity": 0.496,
      "fidelity_drop": 0.055999999999999994,
      "sensitivity": 27.999999999999996
    },
    "local_py": {
      "values": [
        0.0,
        0.00010526315789473685,
        0.0002105263157894737,
        0.00031578947368421053,
        0.0004210526315789474,
        0.0005263157894736842,
        0.0006315789473684211,
        0.0007368421052631579,
        0.0008421052631578948,
        0.0009473684210526316,
        0.0010526315789473684,
        0.0011578947368421054,
        0.0012631578947368421,
        0.001368421052631579,
        0.0014736842105263158,
        0.0015789473684210528,
        0.0016842105263157896,
        0.0017894736842105263,
        0.0018947368421052633,
        0.002
      ],
      "fidelities": [
        0.464,
        0.478,
        0.46,
        0.462,
        0.442,
        0.438,
        0.44,
        0.43,
        0.408,
        0.444,
        0.428,
        0.444,
        0.41,
        0.414,
        0.47,
        0.446,
        0.422,
        0.41,
        0.392,
        0.434
      ],
      "min_fidelity": 0.392,
      "max_fidelity": 0.478,
      "fidelity_drop": 0.030000000000000027,
      "sensitivity": 15.000000000000012
    },
    "local_pz": {
      "values": [
        0.0,
        0.00010526315789473685,
        0.0002105263157894737,
        0.00031578947368421053,
        0.0004210526315789474,
        0.0005263157894736842,
        0.0006315789473684211,
        0.0007368421052631579,
        0.0008421052631578948,
        0.0009473684210526316,
        0.0010526315789473684,
        0.0011578947368421054,
        0.0012631578947368421,
        0.001368421052631579,
        0.0014736842105263158,
        0.0015789473684210528,
        0.0016842105263157896,
        0.0017894736842105263,
        0.0018947368421052633,
        0.002
      ],
      "fidelities": [
        0.47,
        0.454,
        0.426,
        0.42,
        0.446,
        0.464,
        0.428,
        0.44,
        0.492,
        0.438,
        0.462,
        0.414,
        0.414,
        0.462,
        0.428,
        0.434,
        0.448,
        0.438,
        0.378,
        0.432
      ],
      "min_fidelity": 0.378,
      "max_fidelity": 0.492,
      "fidelity_drop": 0.03799999999999998,
      "sensitivity": 18.99999999999999
    },