{
  "timestamp": "2026-01-31T23:12:52.569310",
  "configuration": {
    "scaling_coefficients": 30,
    "param_iterations": 20,
    "shots_per_test": 500,
    "total_simulations": 330
  },
  "scaling_analysis": {
    "coefficients": [
      0.1,
      0.2,
      0.3,
      0.4,
      0.5,
      0.6,
      0.7,
      0.7999999999999999,
      0.8999999999999999,
      0.9999999999999999,
      1.0999999999999999,
      1.2,
      1.3,
      1.4,
      1.5,
      1.5999999999999999,
      1.7,
      1.8,
      1.9,
      2.0,
      2.0999999999999996,
      2.1999999999999997,
      2.3,
      2.4,
      2.5,
      2.6,
      2.6999999999999997,
      2.8,
      2.9,
      3.0
    ],
    "fidelities": [
      0.932,
      0.88,
      0.79,
      0.702,
      0.652,
      0.606,
      0.54,
      0.55,
      0.512,
      0.49,
      0.452,
      0.42,
      0.36,
      0.352,
      0.298,
      0.296,
      0.284,
      0.276,
      0.232,
      0.216,
      0.206,
      0.222,
      0.186,
      0.202,
      0.156,
      0.134,
      0.166,
      0.14,
      0.146,
      0.114
    ]
  },
  "parameter_analyses": {
    "global_px": {
      "values": [
        0.0,
        0.00010526315789473685,
        0.0002105263157894737,
        0.00031578947368421053,
        0.0004210526315789474,
        0.0005263157894736842,
        0.0006315789473684211,
        0.0007368421052631579,
        0.0008421052631578948,
        0.0009473684210526316,
        0.0010526315789473684,
        0.0011578947368421054,
        0.0012631578947368421,
        0.001368421052631579,
        0.0014736842105263158,
        0.0015789473684210528,
        0.0016842105263157896,
        0.0017894736842105263,
        0.0018947368421052633,
        0.002
      ],
      "fidelities": [
        0.576,
        0.55,
        0.602,
        0.586,
        0.558,
        0.546,
        0.576,
        0.536,
        0.608,
        0.54,
        0.554,
        0.536,
        0.572,
        0.518,
        0.568,
        0.574,
        0.564,
        0.55,
        0.54,
        0.548
      ],
      "min_fidelity": 0.518,
      "max_fidelity": 0.608,
      "fidelity_drop": 0.027999999999999914,
      "sensitivity": 13.999999999999957
    },
    "global_py": {
      "values": [
        0.0,
        0.00010526315789473685,
        0.0002105263157894737,
        0.00031578947368421053,
        0.0004210526315789474,
        0.0005263157894736842,
        0.0006315789473684211,
        0.0007368421052631579,
        0.0008421052631578948,
        0.0009473684210526316,
        0.0010526315789473684,
        0.0011578947368421054,
        0.0012631578947368421,
        0.001368421052631579,
        0.0014736842105263158,
        0.0015789473684210528,
        0.0016842105263157896,
        0.0017894736842105263,
        0.0018947368421052633,
        0.002
      ],
      "fidelities": [
        0.55,
        0.6,
        0.554,
        0.538,
        0.554,
        0.578,
        0.616,
        0.568,
        0.538,
        0.568,
        0.562,
        0.554,
        0.578,
        0.562,
        0.576,
        0.54,
        0.554,
        0.512,
        0.552,
        0.556
      ],
      "min_fidelity": 0.512,
      "max_fidelity": 0.616,
      "fidelity_drop": -0.006000000000000005,
      "sensitivity": -3.0000000000000027
    },
    "global_pz": {
      "values": [
        0.0,
        0.00010526315789473685,
        0.0002105263157894737,
        0.00031578947368421053,
        0.0004210526315789474,
        0.0005263157894736842,
        0.0006315789473684211,
        0.0007368421052631579,
        0.0008421052631578948,
        0.0009473684210526316,
        0.0010526315789473684,
        0.0011578947368421054,
        0.0012631578947368421,
        0.001368421052631579,
        0.0014736842105263158,
        0.0015789473684210528,
        0.0016842105263157896,
        0.0017894736842105263,
        0.0018947368421052633,
        0.002
      ],
      "fidelities": [
        0.558,
        0.57,
        0.55,
        0.58,
        0.532,
        0.564,
        0.61,
        0.526,
        0.616,
        0.566,
        0.528,
        0.538,
        0.51,
        0.598,
        0.536,
        0.58,
        0.562,
        0.562,
        0.594,
        0.536
      ],
      "min_fidelity": 0.51,
      "max_fidelity": 0.616,
      "fidelity_drop": 0.02200000000000002,
      "sensitivity": 11.000000000000009
    },
    "local_px": {
      "values": [
        0.0,
        0.00010526315789473685,
        0.0002105263157894737,
        0.00031578947368421053,
        0.0004210526315789474,
        0.0005263157894736842,
        0.0006315789473684211,
        0.0007368421052631579,
        0.0008421052631578948,
        0.0009473684210526316,
        0.0010526315789473684,
        0.0011578947368421054,
        0.0012631578947368421,
        0.001368421052631579,
        0.0014736842105263158,
        0.0015789473684210528,
        0.0016842105263157896,
        0.0017894736842105263,
        0.0018947368421052633,
        0.002
      ],
      "fidelities": [
        0.554,
        0.574,
        0.53,
        0.542,
        0.57,
        0.536,
        0.548,
        0.514,
        0.522,
        0.534,
        0.52,
        0.562,
        0.53,
        0.482,
        0.534,
        0.52,
        0.49,
        0.524,
        0.502,
        0.506
      ],
      "min_fidelity": 0.482,
      "max_fidelity": 0.574,
      "fidelity_drop": 0.04800000000000004,
      "sensitivity": 24.00000000000002
    },
    "local_py": {
      "values": [
        0.0,
        0.00010526315789473685,
        0.0002105263157894737,
        0.00031578947368421053,
        0.0004210526315789474,
        0.0005263157894736842,
        0.0006315789473684211,
        0.0007368421052631579,
        0.0008421052631578948,
        0.0009473684210526316,
        0.0010526315789473684,
        0.0011578947368421054,
        0.0012631578947368421,
        0.001368421052631579,
        0.0014736842105263158,
        0.0015789473684210528,
        0.0016842105263157896,
        0.0017894736842105263,
        0.0018947368421052633,
        0.002
      ],
      "fidelities": [
        0.542,
        0.542,
        0.574,
        0.55,
        0.556,
        0.564,
        0.538,
        0.548,
        0.524,
        0.52,
        0.522,
        0.526,
        0.504,
        0.486,
        0.512,
        0.492,
        0.504,
        0.442,
        0.478,
        0.462
      ],
      "min_fidelity": 0.442,
      "max_fidelity": 0.574,
      "fidelity_drop": 0.08000000000000002,
      "sensitivity": 40.00000000000001
    },
    "local_pz": {
      "values": [
        0.0,
        0.00010526315789473685,
        0.0002105263157894737,
        0.00031578947368421053,
        0.0004210526315789474,
        0.0005263157894736842,
        0.0006315789473684211,
        0.0007368421052631579,
        0.0008421052631578948,
        0.0009473684210526316,
        0.0010526315789473684,
        0.0011578947368421054,
        0.0012631578947368421,
        0.001368421052631579,
        0.0014736842105263158,
        0.0015789473684210528,
        0.0016842105263157896,
        0.0017894736842105263,
        0.0018947368421052633,
        0.002
      ],
      "fidelities": [
        0.558,
        0.532,
        0.602,
        0.52,
        0.514,
        0.548,
        0.536,
        0.534,
        0.518,
        0.53,
        0.486,
        0.498,
        0.498,
        0.514,
        0.488,
        0.536,
        0.512,
        0.48,
        0.512,
        0.51
      ],
      "min_fidelity": 0.48,
      "max_fidelity": 0.602,
      "fidelity_drop": 0.04800000000000004,
      "sensitivity": 24.00000000000002
    },