{
  "timestamp": "2026-01-31T23:39:52.940992",
  "configuration": {
    "scaling_coefficients": 30,
    "param_iterations": 20,
    "shots_per_test": 500,
    "total_simulations": 330
  },
  "scaling_analysis": {
    "coefficients": [
      0.1,
      0.2,
      0.3,
      0.4,
      0.5,
      0.6,
      0.7,
      0.7999999999999999,
      0.8999999999999999,
      0.9999999999999999,
      1.0999999999999999,
      1.2,
      1.3,
      1.4,
      1.5,
      1.5999999999999999,
      1.7,
      1.8,
      1.9,
      2.0,
      2.0999999999999996,
      2.1999999999999997,
      2.3,
      2.4,
      2.5,
      2.6,
      2.6999999999999997,
      2.8,
      2.9,
      3.0
    ],
    "fidelities": [
      0.89,
      0.78,
      0.724,
      0.644,
      0.558,
      0.498,
      0.452,
      0.382,
      0.364,
      0.3,
      0.284,
      0.21,
      0.206,
      0.204,
      0.188,
      0.162,
      0.136,
      0.144,
      0.144,
      0.13,
      0.106,
      0.104,
      0.08,
      0.096,
      0.062,
      0.058,
      0.054,
      0.054,
      0.062,
      0.052
    ]
  },
  "parameter_analyses": {
    "global_px": {
      "values": [
        0.0,
        0.00010526315789473685,
        0.0002105263157894737,
        0.00031578947368421053,
        0.0004210526315789474,
        0.0005263157894736842,
        0.0006315789473684211,
        0.0007368421052631579,
        0.0008421052631578948,
        0.0009473684210526316,
        0.0010526315789473684,
        0.0011578947368421054,
        0.0012631578947368421,
        0.001368421052631579,
        0.0014736842105263158,
        0.0015789473684210528,
        0.0016842105263157896,
        0.0017894736842105263,
        0.0018947368421052633,
        0.002
      ],
      "fidelities": [
        0.436,
        0.488,
        0.476,
        0.46,
        0.452,
        0.492,
        0.466,
        0.488,
        0.458,
        0.466,
        0.466,
        0.49,
        0.484,
        0.508,
        0.458,
        0.468,
        0.464,
        0.506,
        0.482,
        0.452
      ],
      "min_fidelity": 0.436,
      "max_fidelity": 0.508,
      "fidelity_drop": -0.016000000000000014,
      "sensitivity": -8.000000000000007
    },
    "global_py": {
      "values": [
        0.0,
        0.00010526315789473685,
        0.0002105263157894737,
        0.00031578947368421053,
        0.0004210526315789474,
        0.0005263157894736842,
        0.0006315789473684211,
        0.0007368421052631579,
        0.0008421052631578948,
        0.0009473684210526316,
        0.0010526315789473684,
        0.0011578947368421054,
        0.0012631578947368421,
        0.001368421052631579,
        0.0014736842105263158,
        0.0015789473684210528,
        0.0016842105263157896,
        0.0017894736842105263,
        0.0018947368421052633,
        0.002
      ],
      "fidelities": [
        0.484,
        0.476,
        0.474,
        0.518,
        0.474,
        0.456,
        0.468,
        0.462,
        0.44,
        0.462,
        0.434,
        0.476,
        0.486,
        0.456,
        0.466,
        0.478,
        0.462,
        0.45,
        0.45,
        0.47
      ],
      "min_fidelity": 0.434,
      "max_fidelity": 0.518,
      "fidelity_drop": 0.014000000000000012,
      "sensitivity": 7.000000000000006
    },
    "global_pz": {
      "values": [
        0.0,
        0.00010526315789473685,
        0.0002105263157894737,
        0.00031578947368421053,
        0.0004210526315789474,
        0.0005263157894736842,
        0.0006315789473684211,
        0.0007368421052631579,
        0.0008421052631578948,
        0.0009473684210526316,
        0.0010526315789473684,
        0.0011578947368421054,
        0.0012631578947368421,
        0.001368421052631579,
        0.0014736842105263158,
        0.0015789473684210528,
        0.0016842105263157896,
        0.0017894736842105263,
        0.0018947368421052633,
        0.002
      ],
      "fidelities": [
        0.464,
        0.47,
        0.486,
        0.478,
        0.458,
        0.526,
        0.436,
        0.468,
        0.43,
        0.504,
        0.462,
        0.46,
        0.484,
        0.466,
        0.45,
        0.446,
        0.458,
        0.454,
        0.464,
        0.442
      ],
      "min_fidelity": 0.43,
      "max_fidelity": 0.526,
      "fidelity_drop": 0.02200000000000002,
      "sensitivity": 11.000000000000009
    },
    "local_px": {
      "values": [
        0.0,
        0.00010526315789473685,
        0.0002105263157894737,
        0.00031578947368421053,
        0.0004210526315789474,
        0.0005263157894736842,
        0.0006315789473684211,
        0.0007368421052631579,
        0.0008421052631578948,
        0.0009473684210526316,
        0.0010526315789473684,
        0.0011578947368421054,
        0.0012631578947368421,
        0.001368421052631579,
        0.0014736842105263158,
        0.0015789473684210528,
        0.0016842105263157896,
        0.0017894736842105263,
        0.0018947368421052633,
        0.002
      ],
      "fidelities": [
        0.46,
        0.486,
        0.43,
        0.44,
        0.47,
        0.444,
        0.45,
        0.45,
        0.47,
        0.432,
        0.474,
        0.456,
        0.48,
        0.446,
        0.448,
        0.416,
        0.386,
        0.438,
        0.436,
        0.42
      ],
      "min_fidelity": 0.386,
      "max_fidelity": 0.486,
      "fidelity_drop": 0.040000000000000036,
      "sensitivity": 20.000000000000018
    },
    "local_py": {
      "values": [
        0.0,
        0.00010526315789473685,
        0.0002105263157894737,
        0.00031578947368421053,
        0.0004210526315789474,
        0.0005263157894736842,
        0.0006315789473684211,
        0.0007368421052631579,
        0.0008421052631578948,
        0.0009473684210526316,
        0.0010526315789473684,
        0.0011578947368421054,
        0.0012631578947368421,
        0.001368421052631579,
        0.0014736842105263158,
        0.0015789473684210528,
        0.0016842105263157896,
        0.0017894736842105263,
        0.0018947368421052633,
        0.002
      ],
      "fidelities": [
        0.476,
        0.462,
        0.446,
        0.452,
        0.428,
        0.454,
        0.486,
        0.456,
        0.474,
        0.448,
        0.452,
        0.38,
        0.404,
        0.414,
        0.438,
        0.406,
        0.412,
        0.41,
        0.404,
        0.41
      ],
      "min_fidelity": 0.38,
      "max_fidelity": 0.486,
      "fidelity_drop": 0.066,
      "sensitivity": 33.0
    },
    "local_pz": {
      "values": [
        0.0,
        0.00010526315789473685,
        0.0002105263157894737,
        0.00031578947368421053,
        0.0004210526315789474,
        0.0005263157894736842,
        0.0006315789473684211,
        0.0007368421052631579,
        0.0008421052631578948,
        0.0009473684210526316,
        0.0010526315789473684,
        0.0011578947368421054,
        0.0012631578947368421,
        0.001368421052631579,
        0.0014736842105263158,
        0.0015789473684210528,
        0.0016842105263157896,
        0.0017894736842105263,
        0.0018947368421052633,
        0.002
      ],
      "fidelities": [
        0.466,
        0.494,
        0.488,
        0.484,
        0.476,
        0.43,
        0.48,
        0.446,
        0.466,
        0.458,
        0.446,
        0.452,
        0.474,
        0.436,
        0.436,
        0.446,
        0.43,
        0.43,
        0.404,
        0.396
      ],
      "min_fidelity": 0.396,
      "max_fidelity": 0.494,
      "fidelity_drop": 0.07,
      "sensitivity": 35.0
    },