{
  "timestamp": "2026-02-01T01:15:53.441652",
  "configuration": {
    "max_rounds": 10,
    "scaling_factors_line": [
      0.2,
      0.5,
      0.8,
      1.0,
      1.5,
      2.0
    ],
    "scaling_range_heatmap": [
      0.1,
      0.22631578947368422,
      0.3526315789473684,
      0.4789473684210527,
      0.6052631578947368,
      0.731578947368421,
      0.8578947368421053,
      0.9842105263157895,
      1.1105263157894738,
      1.236842105263158,
      1.3631578947368421,
      1.4894736842105265,
      1.6157894736842107,
      1.7421052631578948,
      1.8684210526315792,
      1.9947368421052634,
      2.1210526315789475,
      2.2473684210526317,
      2.373684210526316,
      2.5
    ],
    "shots_per_test": 500
  },
  "line_plot_data": {
    "rounds": [
      1,
      2,
      3,
      4,
      5,
      6,
      7,
      8,
      9,
      10
    ],
    "results_by_noise_level": {
      "0.2": [
        0.79,
        0.692,
        0.634,
        0.522,
        0.47,
        0.402,
        0.334,
        0.354,
        0.298,
        0.26
      ],
      "0.5": [
        0.538,
        0.384,
        0.282,
        0.242,
        0.182,
        0.132,
        0.12,
        0.094,
        0.056,
        0.054
      ],
      "0.8": [
        0.348,
        0.262,
        0.164,
        0.126,
        0.088,
        0.052,
        0.044,
        0.042,
        0.03,
        0.032
      ],
      "1.0": [
        0.312,
        0.188,
        0.1,
        0.07,
        0.052,
        0.032,
        0.022,
        0.028,
        0.016,
        0.024
      ],
      "1.5": [
        0.194,
        0.092,
        0.036,
        0.024,
        0.022,
        0.036,
        0.026,
        0.02,
        0.02,
        0.008
      ],
      "2.0": [
        0.104,
        0.036,
        0.036,
        0.026,
        0.018,
        0.02,
        0.018,
        0.018,
        0.006,
        0.016
      ]
    }
  },
  "heatmap_data": {
    "rounds": [
      1,
      2,
      3,
      4,
      5,
      6,
      7,
      8,
      9,
      10
    ],
    "scaling": [
      0.1,
      0.22631578947368422,
      0.3526315789473684,
      0.4789473684210527,
      0.6052631578947368,
      0.731578947368421,
      0.8578947368421053,
      0.9842105263157895,
      1.1105263157894738,
      1.236842105263158,
      1.3631578947368421,
      1.4894736842105265,
      1.6157894736842107,
      1.7421052631578948,
      1.8684210526315792,
      1.9947368421052634,
      2.1210526315789475,
      2.2473684210526317,
      2.373684210526316,
      2.5
    ],
    "fidelity_matrix": [
      [
        0.862,
        0.764,
        0.652,
        0.532,
        0.478,
        0.412,
        0.372,
        0.294,
        0.296,
        0.254,
        0.204,
        0.174,
        0.166,
        0.144,
        0.132,
        0.118,
        0.104,
        0.102,
        0.092,
        0.08
      ],
      [
        0.864,
        0.628,
        0.542,
        0.422,
        0.364,
        0.29,
        0.244,
        0.204,
        0.146,
        0.166,
        0.122,
        0.09,
        0.1,
        0.088,
        0.074,
        0.05,
        0.048,
        0.042,
        0.028,
        0.036
      ],
      [
        0.784,
        0.564,
        0.422,
        0.342,
        0.238,
        0.192,
        0.122,
        0.116,
        0.086,
        0.064,
        0.058,
        0.046,
        0.044,
        0.06,
        0.038,
        0.032,
        0.024,
        0.032,
        0.018,
        0.024
      ],
      [
        0.756,
        0.504,
        0.346,
        0.246,
        0.176,
        0.156,
        0.084,
        0.086,
        0.05,
        0.04,
        0.062,
        0.032,
        0.018,
        0.03,
        0.03,
        0.022,
        0.018,
        0.02,
        0.022,
        0.036
      ],
      [
        0.68,
        0.456,
        0.284,
        0.174,
        0.136,
        0.08,
        0.062,
        0.048,
        0.042,
        0.022,
        0.034,
        0.024,
        0.016,
        0.018,
        0.022,
        0.016,
        0.022,
        0.022,
        0.016,
        0.018
      ],
      [
        0.614,
        0.372,
        0.23,
        0.126,
        0.088,
        0.05,
        0.058,
        0.046,
        0.03,
        0.016,
        0.022,
        0.018,
        0.02,
        0.016,
        0.02,
        0.016,
        0.014,
        0.022,
        0.016,
        0.026
      ],
      [
        0.584,
        0.336,
        0.186,
        0.132,
        0.044,
        0.05,
        0.044,
        0.04,
        0.032,
        0.014,
        0.018,
        0.014,
        0.012,
        0.002,
        0.018,
        0.024,
        0.008,
        0.012,
        0.016,
        0.014
      ],
      [
        0.596,
        0.31,
        0.144,
        0.126,
        0.05,
        0.028,
        0.026,
        0.024,
        0.02,
        0.012,
        0.028,
        0.014,
        0.02,
        0.024,
        0.024,
        0.016,
        0.008,
        0.018,
        0.024,
        0.016
      ],
      [
        0.552,
        0.28,
        0.132,
        0.106,
        0.052,
        0.048,
        0.03,
        0.014,
        0.01,
        0.014,
        0.01,
        0.018,
        0.022,
        0.014,
        0.014,
        0.012,
        0.026,
        0.016,
        0.016,
        0.012
      ],
      [
        0.51,
        0.218,
        0.118,
        0.072,
        0.034,
        0.02,
        0.026,
        0.02,
        0.004,
        0.02,
        0.018,
        0.02,
        0.016,
        0.016,
        0.018,
        0.024,
        0.018,
        0.026,
        0.012,
        0.022
      ]
    ]
  },
  "summary": {
    "global_min_fidelity": 0.002,
    "global_max_fidelity": 0.864,
    "best_config": {
      "rounds": 2,
      "scaling": 0.1
    }
  }
}